streets,count
MISSION ST,8
GEARY BLVD,7
GEARY BOULEVARD,7
VAN NESS AVE,6
MISSION STREET,5
ULLOA ST,5
LENOX WAY,4
LOMBARD ST,4
16TH ST,4
GOLDEN GATE AVENUE,4
3RD ST,4
MCALLISTER ST,4
19TH AVENUE,3
BAYSHORE BLVD,3
LEAVENWORTH STREET,3
MARKET ST,3
6TH ST,3
SOUTH VAN NESS AVE,3
JONES ST,3
OCEAN AVENUE,3
GENEVA AVE,3
FILLMORE ST,3
18TH ST,2
FOLSOM ST,2
BRYANT ST,2
TAYLOR STREET,2
VAN NESS AVENUE,2
7TH ST,2
CALIFORNIA ST,2
FULTON ST,2
BAKER STREET,2
ELLIS ST,2
LEAVENWORTH ST,2
POST ST,2
LARKIN ST,2
EDDY ST,2
2ND STREET,2
O'FARRELL STREET,2
SAN JOSE AVENUE,2
POLK STREET,2
MARKET STREET,2
STEINER ST,2
POLK ST,2
3RD STREET,2
BAYSHORE BOULEVARD,2
16TH STREET,2
FOLSOM STREET,2
VALENCIA ST,2
HARRISON ST,2
GENEVA AVENUE,2
SILVER AVE,2
ELLIS STREET,2
HOWARD ST,2
LAGUNA ST,2
SUNSET BLVD,2
19TH AVE,2
FRANKLIN ST,2
SAN BRUNO AVENUE,1
400 JOHN MUIR DR,1
BROTHERHOOD WAY,1
JUNIPERO SERRA BLVD NORTHBOUND ONRAMP,1
COLBY ST,1
GOLDEN GATE AVE,1
GROVE ST,1
LAKE MERCED BLVD. 300 FT SOUTH OF FONT BLVD,1
BRANNAN STREET,1
DORE STREET,1
HAYES STREET,1
IFO 732 BROADWAY STREET,1
BAY ST EAST OF STOCKTON ST,1
POWELL STREET,1
VALLEJO STREET,1
46TH AVENUE,1
CABRILLO STREET,1
39TH AVE,1
NORIEGA STREET,1
PHELPS STREET,1
ATHENS STREET,1
GALVEZ AVE,1
NAPLES ST,1
BRANNAN SREET,1
520 SOUTH VAN NESS AVE,1
VALLEJO ST,1
O'FARRELL ST,1
HYDE ST,1
9TH,1
6TH AVE,1
SLOAT BLVD,1
43RD ST,1
KEARNEY,1
CLAY ST,1
GOUGH STREET,1
GENEVA AVE EAST OF PRAGUE ST,1
824 WALLER STREET,1
PERSIA AVE,1
ANZA ST,1
ISLAIS CHANNEL,1
DWIGHT STREET,1
GREEN ST,1
HAIGHT STREET,1
STANYAN STREET,1
IFO 2027 MARKET STREET,1
5TH ST,1
ARGUELLO BLVD,1
UNION ST,1
JUDAH STREET,1
BRODERICK ST,1
25TH AVENUE,1
10TH ST,1
MASON STREET,1
MACALLA ROAD,1
MIRAMAR AVENUE,1
FILLMORE STREET,1
UNION STREET,1
BUCHANAN STREET,1
IFO 655 JOHN MUIR DRIVE,1
RIVERA STREET,1
30TH STREET,1
DOLORES STREET,1
SAN JOSE,1
LAKEVIEW AVENUE,1
THIRD STREET,1
FILBERT ST,1
HYDE STREET,1
LAGUNA STREET,1
BACON STREET,1
CARTER ST,1
26TH ST,1
KEARNY,1
TREASURE ISLAND ROAD,1
GROVE STREET,1
WINSTON DRIVE,1
FERN STREET,1
BUSH,1
PACHECO ST,1
THIRD ST,1
CABRILLO ST,1
33RD AVE,1
MASON STEET,1
FIFTH STREET,1
SANTOS STREET,1
RONDEL PL,1
2ND AVE,1
VELASCO AVENUE,1
YORBA ST,1
41ST AVENUE,1
BUCHANAN ST,1
TOLAND ST,1
IFO 562 28TH STREET,1
EDDY STREET,1
BAYSHORE BLVD CURVE NEAR 151,1
185 BAYSHORE BLVD,1
OCEAN AVE,1
LEE AVE,1
25TH AVE,1
GOUGH ST,1
UPPER GREAT HIGHWAY,1
PARNASSUS AVE,1
STANYAN ST,1
QUINT ST,1
QUINTARA STREET,1
2075 JERROLD AVENUE,1
1984 MISSION ST,1
BLANKEN ST,1
24TH AVE,1
SANTIAGO ST,1
CORTLAND AVE,1
MARTIN LUTHER KING DRIVE,1
38TH AVENUE,1
IFO 833 MISSION ST,1
BOSWORTH ST,1
DIAMOND ST,1
CESAR CHAVEZ STREET,1
EVANS AVENUE,1
NEWCOMB AVE,1
CARROL AVE,1
FIRST STREET,1
HOWARD STREET,1
18TH AVENUE,1
CALIFORNIA STREET,1
IFO 1747 24TH AVE,1
OAK STREET,1
7TH STREET,1
BAYSHORE BLVD NEAR VISITATION AVE,1
PINE ST,1
JONES STREET,1
CARROLL AVE,1
GIANTS DR.,1
JERROLD AVE,1
BUCKINGHAM WAY,1
OLIVER ST,1
RICE STREET,1
HARNEY WAY WEST OF EXECUTIVE PARK BOULEVARD,1
IFO 240 VAN NESS AVE,1
IFO 600 VAN NESS AVE,1
ALEMANY BLVD,1
ROUSSEAU ST,1
1200 BLOCK OF SAN JOSE AVE,1
10TH STREET,1
HYDE ST NORTH OF POST ST,1
PARK PRESIDIO BOULEVARD,1
BROADWAY,1
13TH ST ENTRANCE FOR 1745 FOLSOM ST,1
CHESTNUT ST,1
FRANKLIN STREET,1
1300 BLOCK OF HOWARD STREET,1
WASHBURN STREET,1
4TH ST,1
KING ST,1
21 GAVEN ST,1
24TH STREET,1
2000 BLOCK OF VAN NESS AVE,1
19TH ST,1
ACROSS FROM 814 BROADWAY,1
DE HARO ST,1
GEARY STREET,1
VALENCIA STREET,1
1800 BLOCK OF SLOAT BOULEVARD,1
36TH AVENUE,1
SLOAT BOULEVARD,1
CORTLAND AVENUE,1
ELLSWORTH STREET,1
IFO 770 STOCKTON ST,1
INGERSON AVENUE,1
REDONDO STREET,1
ARMSTRONG AVENUE,1
46TH AVE,1
TARAVAL ST,1
FELL ST BTWN VAN NESS AVE,1
JERROLD AVENUE,1
STOCKTON STREET,1
18TH STREET,1
LAKE MERCED BOULEVARD,1
HIGUERA AVENUE,1
DELANO AVENUE,1
VICTORIA STREET,1
2ND ST,1
ALAMEDA ST,1
POTRERO AVE,1
NEY STREET,1
LAGUNA,1
FRANCISCO STS,1
LOMBARD,1
DIVISADERO STS,1
IFO 255 WOODSIDE AVE,1
POTRERO STS,1
"MARKET ST, 100 FEET EAST OF 4TH",1
STOCKTON STS,1
DIVISADERO STREET,1
SUTTER STREET,1
37TH AVE,1
FELL STREET,1
ARGUELLO BOULEVARD,1
IFO 32 FRANCE ST,1
MONTEREY BLVD,1
VALDEZ AVENUE,1
26TH AVE,1
7TH AVENUE,1
16TH,1
